Competition,4 cells,8 cells,16 cells,32 cells,4 cells stats,8 cells stats,16 cells stats,32 cells stats
ASNR_SFR_end,3 of 4,4 of 4,5 of 5,4 of 4,0.625,0.125,0.0625,0.125
SAR_ASNR_end,5 of 5,5 of 5,5 of 5,5 of 5,0.0625,0.0625,0.0625,0.0625
SAR_SFR_end,4 of 5,4 of 5,5 of 5,5 of 5,0.375,0.375,0.0625,0.0625
control_ASNR_ASNR_end,2 of 6,1 of 6,2 of 6,1 of 6,0.68750000000000022,0.21875000000000003,0.68750000000000022,0.21875000000000003
control_SFR_SFR_end,3 of 5,1 of 5,3 of 5,3 of 5,1.0,0.375,1.0,1.0
control_SAR_SAR_end,5 of 5,4 of 5,3 of 5,4 of 5,0.0625,0.375,1.0,0.375
